{"stats":{"minecraft:used":{"minecraft:bread":6,"minecraft:iron_pickaxe":82,"minecraft:diamond_axe":4,"minecraft:diamond_sword":27,"minecraft:dirt":2,"minecraft:furnace":1,"minecraft:cooked_beef":2,"travelersbackpack:enderman":2},"minecraft:crafted":{"minecraft:cooked_beef":14,"minecraft:furnace":2,"minecraft:air":0},"minecraft:killed":{"minecraft:skeleton":1,"minecraft:zombie":1,"minecraft:pig":2,"minecraft:spider":1,"minecraft:cow":1},"minecraft:picked_up":{"biomesoplenty:lavender":2,"minecraft:crafting_table":1,"minecraft:raw_iron":3,"minecraft:leather":1,"minecraft:diamond_sword":1,"minecraft:porkchop":4,"minecraft:shield":1,"minecraft:dirt":2,"minecraft:spider_eye":1,"minecraft:string":1,"minecraft:rotten_flesh":2,"minecraft:leather_boots":1,"minecraft:diamond_shovel":1,"minecraft:bone":1,"minecraft:arrow":1,"minecraft:diamond_chestplate":1,"minecraft:diamond_leggings":1,"travelersbackpack:enderman":2,"minecraft:beef":2,"minecraft:diamond_axe":1,"minecraft:rose_bush":1,"minecraft:bread":20,"minecraft:iron_pickaxe":1,"minecraft:chest":1,"minecraft:coal":37,"minecraft:cobblestone":41,"minecraft:furnace":1},"minecraft:killed_by":{"minecraft:skeleton":1},"minecraft:mined":{"minecraft:furnace":1,"minecraft:iron_ore":3,"biomesoplenty:lavender":2,"minecraft:crafting_table":1,"minecraft:chest":1,"minecraft:grass_block":2,"minecraft:grass":1,"biomesoplenty:bush":1,"biomesoplenty:clover":1,"minecraft:coal_ore":37,"minecraft:rose_bush":1,"travelersbackpack:enderman":1,"minecraft:spruce_leaves":3,"minecraft:stone":41,"minecraft:oak_leaves":1},"minecraft:custom":{"minecraft:time_since_rest":12632,"minecraft:interact_with_furnace":14,"minecraft:sprint_one_cm":132528,"minecraft:damage_taken":477,"minecraft:walk_one_cm":167307,"minecraft:mob_kills":6,"minecraft:damage_dealt":1170,"minecraft:interact_with_crafting_table":4,"minecraft:swim_one_cm":8541,"minecraft:fly_one_cm":154746,"minecraft:open_chest":3,"minecraft:deaths":1,"minecraft:crouch_one_cm":484,"minecraft:play_time":43460,"minecraft:sneak_time":94,"minecraft:walk_under_water_one_cm":1053,"minecraft:jump":1039,"minecraft:leave_game":3,"minecraft:time_since_death":12605,"minecraft:walk_on_water_one_cm":1857,"minecraft:sleep_in_bed":1,"minecraft:total_world_time":43460,"minecraft:climb_one_cm":2983,"minecraft:fall_one_cm":25446}},"DataVersion":3465}