{"stats":{"minecraft:custom":{"minecraft:interact_with_smithing_table":7,"minecraft:interact_with_anvil":12,"minecraft:mob_kills":60,"minecraft:interact_with_crafting_table":40,"minecraft:open_barrel":19,"minecraft:leave_game":3,"minecraft:time_since_death":45422,"minecraft:climb_one_cm":4051,"minecraft:sprint_one_cm":652852,"minecraft:walk_one_cm":518329,"minecraft:damage_blocked_by_shield":5691,"minecraft:drop":41,"minecraft:play_time":237858,"minecraft:deaths":17,"minecraft:sneak_time":3115,"minecraft:walk_under_water_one_cm":101696,"minecraft:jump":3572,"minecraft:interact_with_brewingstand":1,"minecraft:interact_with_blast_furnace":36,"minecraft:walk_on_water_one_cm":87929,"minecraft:total_world_time":237858,"minecraft:interact_with_furnace":12,"minecraft:sleep_in_bed":7,"minecraft:time_since_rest":45857,"minecraft:damage_taken":7650,"minecraft:damage_dealt":11186,"minecraft:swim_one_cm":194419,"minecraft:fly_one_cm":662443,"minecraft:open_chest":101,"minecraft:crouch_one_cm":7057,"minecraft:interact_with_smoker":3,"minecraft:fall_one_cm":87385},"minecraft:broken":{"minecraft:shield":1},"minecraft:killed_by":{"minecraft:spider":3,"creeperoverhaul:beach_creeper":1,"alexsmobs:crocodile":1,"minecraft:skeleton":7,"minecraft:zombie":3},"minecraft:picked_up":{"minecraft:crafting_table":4,"minecraft:iron_chestplate":1,"minecraft:anvil":3,"minecraft:enchanted_book":1,"minecraft:shield":1,"minecraft:string":16,"minecraft:red_bed":3,"minecraft:raw_copper":31,"minecraft:iron_axe":3,"minecraft:iron_leggings":3,"minecraft:sea_pickle":1,"minecraft:cobbled_deepslate":79,"farmersdelight:cabbage":1,"alexsmobs:elastic_tendon":2,"minecraft:iron_pickaxe":6,"minecraft:phantom_membrane":1,"farmersdelight:cabbage_seeds":4,"minecraft:egg":11,"minecraft:iron_boots":3,"minecraft:furnace":2,"minecraft:stick":93,"minecraft:raw_iron":28,"simplyswords:diamond_cutlass":3,"minecraft:oak_door":15,"minecraft:torch":152,"minecraft:porkchop":3,"farmersdelight:tomato_seeds":2,"minecraft:redstone":4,"minecraft:diamond_chestplate":2,"minecraft:arrow":19,"minecraft:rotten_flesh":44,"minecraft:beetroot_seeds":8,"travelersbackpack:chicken":6,"minecraft:gold_ingot":12,"minecraft:cobblestone":69,"minecraft:magma_block":2,"minecraft:cooked_beef":84,"minecraft:water_bucket":2,"minecraft:leather":26,"minecraft:tuff":6,"minecraft:oak_log":28,"alexsmobs:cooked_kangaroo_meat":7,"minecraft:golden_boots":1,"minecraft:dirt":6,"minecraft:lapis_lazuli":54,"minecraft:cooked_mutton":20,"minecraft:bone":11,"minecraft:apple":11,"minecraft:bow":1,"minecraft:wheat_seeds":3,"minecraft:iron_ingot":137,"minecraft:diamond_helmet":1,"minecraft:oak_planks":56,"minecraft:iron_sword":7,"minecraft:book":7,"minecraft:black_candle":6,"minecraft:pumpkin":2,"minecraft:blast_furnace":2,"alexsmobs:animal_dictionary":3,"minecraft:spider_eye":3,"simplyswords:iron_twinblade":2,"distorted_discs:ow_08":1,"distorted_discs:nether_02":1,"minecraft:diamond":34,"fishofthieves:devilfish":2,"minecraft:iron_helmet":3,"minecraft:bread":3,"minecraft:black_wool":2,"minecraft:coal":220},"minecraft:used":{"fishofthieves:devilfish":1,"minecraft:shield":92,"minecraft:iron_sword":109,"minecraft:oak_door":11,"minecraft:torch":112,"minecraft:dirt":4,"alexsmobs:cooked_kangaroo_meat":5,"minecraft:diamond_helmet":1,"minecraft:iron_axe":26,"simplyswords:diamond_cutlass":90,"minecraft:furnace":1,"minecraft:cooked_beef":25,"minecraft:cobbled_deepslate":21,"minecraft:pumpkin":2,"minecraft:cooked_mutton":10,"minecraft:water_bucket":34,"minecraft:crafting_table":3,"minecraft:red_bed":2,"minecraft:blast_furnace":1,"simplyswords:iron_twinblade":35,"travelersbackpack:chicken":5,"minecraft:black_wool":1,"minecraft:apple":7,"minecraft:bread":2,"minecraft:iron_pickaxe":219,"minecraft:cobblestone":13,"minecraft:bucket":37,"alexsmobs:animal_dictionary":2,"minecraft:sea_pickle":1,"minecraft:golden_pickaxe":26},"minecraft:mined":{"minecraft:tuff":6,"minecraft:deepslate_diamond_ore":14,"minecraft:oak_door":9,"minecraft:glow_lichen":1,"biomesoplenty:bush":7,"minecraft:grass_block":4,"minecraft:spruce_leaves":1,"biomesoplenty:dune_grass":12,"minecraft:large_fern":2,"minecraft:magma_block":4,"minecraft:furnace":1,"travelersbackpack:chicken":3,"minecraft:iron_ore":8,"minecraft:cobbled_deepslate":2,"minecraft:fire":3,"minecraft:pumpkin":2,"minecraft:deepslate_lapis_ore":7,"biomesoplenty:sea_oats":5,"minecraft:deepslate_iron_ore":9,"minecraft:black_candle":1,"minecraft:stone":30,"minecraft:deepslate_redstone_ore":1,"minecraft:red_bed":2,"minecraft:crafting_table":4,"minecraft:torch":3,"minecraft:blast_furnace":1,"minecraft:cobblestone":8,"minecraft:copper_ore":8,"minecraft:deepslate_coal_ore":21,"minecraft:lapis_ore":1,"minecraft:wall_torch":6,"farmersdelight:wild_beetroots":4,"minecraft:sea_pickle":1,"biomesoplenty:maple_leaves":1,"minecraft:grass":5,"minecraft:black_wool":1,"minecraft:oak_log":1,"minecraft:coal_ore":55,"minecraft:dirt":2,"minecraft:oak_leaves":3,"minecraft:deepslate":58,"minecraft:fern":4},"minecraft:crafted":{"minecraft:oak_planks":92,"minecraft:coal":99,"travelersbackpack:crafting_upgrade":1,"minecraft:iron_nugget":9,"travelersbackpack:blank_upgrade":4,"travelersbackpack:gold_tier_upgrade":1,"minecraft:glass":12,"minecraft:diamond_helmet":1,"minecraft:iron_boots":2,"minecraft:iron_axe":3,"minecraft:chest":2,"minecraft:coal_block":11,"travelersbackpack:iron_tier_upgrade":1,"minecraft:crafting_table":2,"simplyswords:diamond_cutlass":1,"travelersbackpack:backpack_tank":2,"minecraft:iron_helmet":2,"travelersbackpack:chicken":3,"minecraft:iron_sword":2,"minecraft:bucket":2,"minecraft:iron_chestplate":2,"minecraft:shield":2,"minecraft:stick":16,"minecraft:iron_ingot":63,"minecraft:iron_pickaxe":2,"minecraft:iron_leggings":2,"minecraft:torch":48,"minecraft:diamond_chestplate":1},"minecraft:dropped":{"farmersdelight:tomato_seeds":2,"minecraft:enchanted_book":2,"minecraft:iron_ingot":3,"minecraft:iron_sword":4,"minecraft:wheat_seeds":2,"minecraft:crafting_table":1,"travelersbackpack:chicken":2,"minecraft:book":7,"minecraft:torch":2,"minecraft:diamond_helmet":1,"fishofthieves:devilfish":1,"minecraft:iron_axe":1,"minecraft:iron_pickaxe":1,"minecraft:oak_door":2,"simplyswords:diamond_cutlass":1,"minecraft:anvil":3,"farmersdelight:cabbage_seeds":4,"farmersdelight:cabbage":1,"minecraft:rotten_flesh":8,"minecraft:oak_planks":5},"minecraft:killed":{"minecraft:spider":10,"minecraft:skeleton":9,"minecraft:pig":2,"minecraft:creeper":4,"minecraft:zombie":29,"fishofthieves:devilfish":1,"minecraft:enderman":1}},"DataVersion":3465}