{"stats":{"minecraft:broken":{"minecraft:stone_pickaxe":1},"minecraft:killed_by":{"minecraft:witch":1,"alexsmobs:bison":1},"minecraft:mined":{"minecraft:crafting_table":3,"biomesoplenty:bush":2,"minecraft:grass_block":1,"minecraft:tall_grass":9,"minecraft:spruce_leaves":2,"minecraft:lapis_ore":5,"minecraft:large_fern":2,"minecraft:hay_block":16,"minecraft:furnace":2,"minecraft:iron_ore":24,"minecraft:spruce_log":3,"minecraft:grass":25,"minecraft:oak_log":9,"minecraft:coal_ore":20,"minecraft:vine":2,"minecraft:deepslate_iron_ore":3,"minecraft:sand":9,"minecraft:dirt":2,"minecraft:stone":119,"biomesoplenty:reed":1,"minecraft:fern":1},"minecraft:picked_up":{"minecraft:wooden_axe":2,"minecraft:iron_chestplate":1,"minecraft:crafting_table":6,"minecraft:leather":13,"minecraft:wooden_pickaxe":2,"minecraft:potato":2,"minecraft:filled_map":2,"minecraft:stone_brick_stairs":1,"minecraft:oak_log":5,"minecraft:shield":1,"minecraft:gunpowder":2,"minecraft:string":1,"minecraft:lapis_lazuli":70,"minecraft:dirt":4,"minecraft:iron_leggings":1,"minecraft:wheat_seeds":12,"minecraft:spruce_planks":1,"minecraft:beef":12,"minecraft:iron_ingot":4,"fishofthieves:earthworms":2,"minecraft:oak_planks":25,"minecraft:iron_boots":1,"minecraft:furnace":4,"minecraft:stick":4,"minecraft:raw_iron":27,"endrem:witch_pupil":2,"minecraft:music_disc_13":1,"minecraft:porkchop":10,"minecraft:sand":9,"minecraft:spruce_log":3,"alexsmobs:animal_dictionary":2,"minecraft:rotten_flesh":1,"minecraft:sugar":2,"biomesoplenty:jacaranda_log":5,"minecraft:stone_axe":1,"minecraft:pumpkin_pie":10,"minecraft:iron_helmet":1,"minecraft:hay_block":16,"minecraft:bread":49,"minecraft:white_wool":4,"minecraft:mutton":8,"minecraft:coal":52,"minecraft:cobblestone":147},"minecraft:killed":{"minecraft:pig":2,"minecraft:witch":1,"alexsmobs:anaconda":1,"minecraft:spider":1,"minecraft:sheep":2,"minecraft:zombie":2,"minecraft:cow":2},"minecraft:dropped":{"minecraft:leather":9,"fishofthieves:earthworms":1},"minecraft:used":{"minecraft:stone_pickaxe":131,"minecraft:shield":5,"minecraft:wooden_pickaxe":49,"minecraft:dirt":2,"minecraft:crafting_table":3,"minecraft:wooden_axe":47,"minecraft:bread":11,"minecraft:stone_axe":33,"minecraft:cobblestone":69,"minecraft:furnace":2,"minecraft:pumpkin_pie":1},"minecraft:crafted":{"minecraft:oak_planks":20,"minecraft:crafting_table":2,"minecraft:spruce_planks":12,"minecraft:wooden_pickaxe":1,"minecraft:iron_helmet":1,"minecraft:furnace":2,"minecraft:stone_axe":1,"minecraft:bread":48,"minecraft:air":0,"minecraft:iron_boots":1,"minecraft:iron_chestplate":1,"minecraft:shield":1,"minecraft:stick":8,"minecraft:iron_ingot":27,"minecraft:stone_pickaxe":1,"minecraft:wooden_axe":1,"minecraft:iron_leggings":1,"minecraft:wheat":144},"minecraft:custom":{"minecraft:interact_with_furnace":20,"minecraft:mob_kills":11,"minecraft:interact_with_crafting_table":13,"minecraft:leave_game":1,"minecraft:time_since_death":17001,"minecraft:sleep_in_bed":1,"minecraft:climb_one_cm":526,"minecraft:time_since_rest":17033,"minecraft:sprint_one_cm":117320,"minecraft:damage_taken":1072,"minecraft:walk_one_cm":93981,"minecraft:damage_blocked_by_shield":255,"minecraft:drop":2,"minecraft:damage_dealt":1880,"minecraft:swim_one_cm":3221,"minecraft:fly_one_cm":233476,"minecraft:open_chest":17,"minecraft:crouch_one_cm":1868,"minecraft:play_time":58502,"minecraft:deaths":2,"minecraft:sneak_time":521,"minecraft:walk_under_water_one_cm":5698,"minecraft:jump":1123,"minecraft:walk_on_water_one_cm":23561,"minecraft:total_world_time":58502,"minecraft:fall_one_cm":27742}},"DataVersion":3465}