{"stats":{"minecraft:used":{"minecraft:writable_book":1,"minecraft:iron_shovel":84,"minecraft:poppy":3,"minecraft:chest":7,"minecraft:shield":67,"minecraft:iron_sword":22,"minecraft:soul_sand":2,"simplyswords:diamond_rapier":990,"simplyswords:diamond_sai":3,"minecraft:carrot":1,"minecraft:tuff":4,"minecraft:cyan_wool":3,"minecraft:lava_bucket":4,"minecraft:blue_orchid":1,"minecraft:stone_brick_stairs":1,"minecraft:red_carpet":13,"minecraft:dark_oak_boat":5,"minecraft:hay_block":1,"minecraft:scaffolding":1,"minecraft:furnace":7,"minecraft:gold_block":8,"travelersbackpack:spider":8,"minecraft:oak_planks":84,"minecraft:diamond_boots":1,"simplyswords:gold_halberd":1,"minecraft:stone_pickaxe":87,"biomesoplenty:magic_log":2,"minecraft:gray_carpet":7,"minecraft:blackstone":6,"biomesoplenty:lavender":34,"minecraft:sugar_cane":6,"minecraft:golden_apple":2,"minecraft:white_wool":1,"minecraft:golden_hoe":32,"simplyswords:iron_chakram":19,"alexscaves:cave_book":6,"minecraft:blast_furnace":6,"minecraft:light_blue_wool":1,"biomesoplenty:magic_planks":1,"minecraft:redstone_torch":8,"biomesoplenty:umbran_planks":1,"minecraft:bread":210,"minecraft:string":5,"biomesoplenty:yellow_autumn_sapling":1,"minecraft:diamond_ore":1,"minecraft:grindstone":3,"minecraft:smithing_table":6,"minecraft:andesite":7,"minecraft:oak_boat":3,"minecraft:experience_bottle":12,"minecraft:iron_bars":2,"minecraft:enchanting_table":4,"minecraft:cooked_salmon":1,"minecraft:netherrack":45,"minecraft:oak_door":17,"minecraft:exposed_cut_copper_stairs":2,"minecraft:torch":225,"minecraft:dirt":9,"fishofthieves:earthworms":5,"minecraft:anvil":4,"alexsmobs:cooked_kangaroo_meat":19,"minecraft:cobblestone_wall":1,"minecraft:diamond_helmet":2,"farmersdelight:beef_patty":9,"minecraft:iron_hoe":166,"minecraft:stone_brick_slab":1,"minecraft:dark_oak_planks":5,"minecraft:wooden_axe":56,"minecraft:iron_axe":324,"biomesoplenty:tall_lavender":3,"biomesoplenty:jacaranda_log":1,"minecraft:diamond_chestplate":1,"minecraft:light_gray_wool":1,"minecraft:golden_carrot":2,"farmersdelight:cooked_mutton_chops":2,"minecraft:cooked_beef":45,"minecraft:cobbled_deepslate":139,"minecraft:cooked_mutton":8,"farmersdelight:iron_knife":5,"minecraft:water_bucket":254,"simplyswords:diamond_katana":221,"minecraft:birch_planks":2,"minecraft:mossy_cobblestone":1,"minecraft:tnt":1,"minecraft:crafting_table":26,"simplyswords:iron_twinblade":58,"minecraft:red_bed":1,"travelersbackpack:chicken":9,"minecraft:white_bed":1,"minecraft:cod":2,"minecraft:book":3,"biomesoplenty:orange_autumn_sapling":1,"minecraft:smoker":9,"minecraft:oak_log":23,"minecraft:black_wool":1,"minecraft:diamond_pickaxe":355,"minecraft:apple":1,"minecraft:oak_button":1,"minecraft:iron_pickaxe":392,"travelersbackpack:white_sleeping_bag":3,"minecraft:stone_axe":142,"travelersbackpack:light_gray_sleeping_bag":1,"farmersdelight:cooked_bacon":5,"minecraft:cobblestone":140,"minecraft:potion":2,"travelersbackpack:standard":21,"minecraft:cooked_porkchop":24,"minecraft:bucket":266,"minecraft:stripped_oak_log":1,"minecraft:dandelion":1,"minecraft:jukebox":1},"minecraft:broken":{"minecraft:stone_axe":2,"minecraft:golden_hoe":1,"aether:iron_gloves":1},"minecraft:crafted":{"minecraft:oak_planks":212,"travelersbackpack:crafting_upgrade":1,"minecraft:dark_oak_boat":1,"minecraft:cooked_mutton":6,"minecraft:glass":27,"minecraft:bow":1,"minecraft:diamond_helmet":2,"minecraft:diamond_leggings":2,"minecraft:iron_boots":2,"minecraft:chest":8,"minecraft:oak_button":1,"travelersbackpack:iron_tier_upgrade":1,"biomesoplenty:jacaranda_planks":4,"minecraft:cooked_porkchop":14,"minecraft:crafting_table":6,"travelersbackpack:standard":3,"minecraft:wooden_pickaxe":1,"minecraft:iron_helmet":2,"minecraft:raw_gold_block":17,"minecraft:smithing_table":1,"minecraft:gold_block":7,"minecraft:birch_planks":20,"farmersdelight:beef_patty":9,"simplyswords:diamond_katana":1,"minecraft:iron_chestplate":2,"minecraft:diamond_pickaxe":1,"minecraft:shield":3,"minecraft:stick":92,"minecraft:iron_ingot":83,"minecraft:iron_pickaxe":3,"farmersdelight:cooked_bacon":8,"minecraft:gold_ingot":77,"minecraft:oak_door":6,"minecraft:coal":108,"minecraft:stone_shovel":1,"minecraft:jukebox":1,"minecraft:leather_boots":1,"minecraft:iron_nugget":9,"simplyswords:iron_twinblade":1,"travelersbackpack:blank_upgrade":4,"travelersbackpack:gold_tier_upgrade":1,"travelersbackpack:white_sleeping_bag":2,"minecraft:leather":8,"minecraft:iron_axe":4,"travelersbackpack:light_gray_sleeping_bag":1,"minecraft:diamond_boots":2,"biomesoplenty:magic_planks":32,"minecraft:redstone_block":23,"minecraft:dark_oak_planks":28,"travelersbackpack:diamond_tier_upgrade":1,"travelersbackpack:spider":3,"minecraft:wheat":198,"minecraft:cooked_beef":21,"minecraft:coal_block":7,"biomesoplenty:umbran_planks":8,"farmersdelight:cooked_mutton_chops":6,"simplyswords:iron_chakram":1,"minecraft:enchanting_table":1,"travelersbackpack:backpack_tank":4,"alexsmobs:cooked_kangaroo_meat":25,"minecraft:mangrove_planks":8,"minecraft:bucket":2,"simplyswords:diamond_rapier":1,"minecraft:stone_axe":2,"minecraft:bread":42,"minecraft:air":0,"aether:iron_gloves":1,"minecraft:oak_boat":1,"minecraft:white_wool":9,"minecraft:raw_gold":90,"minecraft:wooden_axe":1,"minecraft:iron_leggings":2,"minecraft:white_bed":1,"minecraft:acacia_planks":4,"minecraft:torch":268,"minecraft:lapis_block":16,"minecraft:diamond_chestplate":2,"minecraft:golden_hoe":1},"minecraft:killed":{"minecraft:cave_spider":1,"minecraft:witch":20,"minecraft:spider":44,"alexsmobs:murmur":1,"minecraft:cod":2,"minecraft:skeleton":64,"minecraft:chicken":1,"alexsmobs:centipede_head":1,"minecraft:illusioner":1,"alexsmobs:kangaroo":15,"minecraft:pig":9,"alexsmobs:grizzly_bear":2,"minecraft:zombie_villager":2,"alexsmobs:seal":6,"minecraft:iron_golem":7,"minecraft:creeper":18,"minecraft:sheep":8,"minecraft:pillager":21,"minecraft:zombie":175,"creeperoverhaul:swamp_creeper":1,"fishofthieves:devilfish":1,"alexsmobs:fly":2,"minecraft:cow":22,"minecraft:evoker":1,"minecraft:vex":1,"alexsmobs:raccoon":1,"minecraft:vindicator":14,"alexsmobs:seagull":3,"minecraft:slime":10,"minecraft:phantom":4,"minecraft:llama":5,"alexsmobs:bison":1,"minecraft:drowned":1,"minecraft:bat":1,"alexsmobs:emu":1,"alexsmobs:cockroach":1,"alexsmobs:gazelle":1,"creeperoverhaul:savannah_creeper":1,"minecraft:enderman":3},"minecraft:dropped":{"biomesoplenty:umbran_planks":8,"farmersdelight:iron_knife":1,"minecraft:iron_sword":1,"minecraft:lapis_lazuli":20,"minecraft:cooked_beef":36,"minecraft:oak_log":32,"minecraft:diamond":8,"minecraft:glass_bottle":3,"minecraft:golden_pickaxe":1,"minecraft:lantern":1,"minecraft:leather":50,"alexsmobs:bison_fur":2,"minecraft:flint":1,"minecraft:dirt":5,"minecraft:red_bed":1,"simplyswords:diamond_rapier":1,"minecraft:gold_nugget":15,"alexsmobs:emu_feather":8,"minecraft:sand":37,"minecraft:sugar":1,"minecraft:iron_pickaxe":1,"minecraft:dark_oak_boat":1,"minecraft:gold_ingot":13,"minecraft:bone":10,"minecraft:oak_door":8,"minecraft:iron_nugget":10,"minecraft:cobbled_deepslate":18,"simplyswords:iron_twinblade":2,"alexscaves:cave_tablet":4,"minecraft:rotten_flesh":29,"minecraft:oak_planks":14,"minecraft:fern":1,"minecraft:glowstone_dust":6,"minecraft:light_gray_carpet":8,"distorted_discs:ow_17":1,"minecraft:cooked_mutton":10,"minecraft:carrot":2,"minecraft:poppy":2,"alexscaves:cave_book":3,"minecraft:gunpowder":4,"minecraft:leather_boots":1,"minecraft:arrow":44,"minecraft:beef":5,"biomesoplenty:tall_lavender":5,"minecraft:golden_boots":1,"minecraft:iron_ingot":103,"minecraft:bread":5,"minecraft:wheat_seeds":16,"minecraft:smithing_table":1,"travelersbackpack:chicken":2,"biomesoplenty:lavender":33,"minecraft:iron_helmet":3,"minecraft:feather":9,"minecraft:cobblestone":4,"minecraft:book":31,"minecraft:amethyst_block":6,"minecraft:golden_apple":2,"minecraft:coal":68,"minecraft:stick":48,"minecraft:gray_wool":1,"minecraft:torch":74,"minecraft:wooden_axe":2,"minecraft:diamond_helmet":2,"minecraft:iron_leggings":3,"minecraft:iron_axe":1,"minecraft:music_disc_wait":1,"minecraft:string":21,"distorted_discs:ow_03":2,"minecraft:smooth_basalt":2,"minecraft:furnace":1,"alexsmobs:maggot":7,"minecraft:raw_iron":28,"simplyswords:diamond_sai":1,"minecraft:chicken":1,"minecraft:iron_boots":5,"alexscaves:cave_codex":1,"travelersbackpack:light_gray_sleeping_bag":1,"alexsmobs:bear_fur":5,"alexsmobs:cooked_kangaroo_meat":5,"minecraft:filled_map":1,"farmersdelight:flint_knife":1,"minecraft:shield":2,"minecraft:flower_pot":1,"fishofthieves:earthworms":8,"minecraft:diamond_chestplate":1,"minecraft:spruce_planks":5,"minecraft:diamond_pickaxe":1,"minecraft:iron_chestplate":1,"biomesoplenty:umbran_sapling":1,"minecraft:andesite":3,"minecraft:golden_leggings":1,"minecraft:oak_sapling":1,"minecraft:spider_eye":5,"minecraft:bow":1,"minecraft:raw_gold":2,"minecraft:calcite":4},"minecraft:picked_up":{"minecraft:wooden_axe":2,"minecraft:iron_chestplate":2,"minecraft:flower_pot":1,"minecraft:anvil":4,"distorted_discs:ow_03":1,"minecraft:smithing_table":6,"alexscaves:cave_tablet":4,"biomesoplenty:orange_autumn_sapling":1,"minecraft:potion":4,"minecraft:enchanted_book":20,"minecraft:stone_brick_stairs":1,"travelersbackpack:spider":3,"minecraft:brewing_stand":1,"minecraft:amethyst_block":6,"minecraft:string":96,"minecraft:raw_copper":25,"minecraft:cooked_salmon":2,"biomesoplenty:yellow_autumn_sapling":1,"minecraft:iron_leggings":2,"biomesoplenty:tall_lavender":9,"minecraft:pufferfish":1,"minecraft:diamond_leggings":2,"alexsmobs:emu_feather":8,"minecraft:gold_nugget":5,"minecraft:cobbled_deepslate":167,"minecraft:bucket":1,"minecraft:spruce_planks":6,"minecraft:eye_armor_trim_smithing_template":2,"minecraft:redstone_torch":8,"minecraft:calcite":4,"minecraft:iron_pickaxe":10,"minecraft:coal_block":5,"minecraft:iron_boots":6,"minecraft:furnace":10,"minecraft:stick":99,"minecraft:oak_fence":2,"minecraft:torch":108,"minecraft:acacia_log":1,"biomesoplenty:umbran_planks":16,"minecraft:spruce_stairs":1,"minecraft:porkchop":14,"alexsmobs:centipede_leg":1,"minecraft:rotten_flesh":196,"minecraft:light_blue_wool":1,"travelersbackpack:chicken":4,"minecraft:music_disc_wait":1,"minecraft:obsidian":4,"minecraft:iron_bars":2,"minecraft:cod":2,"minecraft:cobblestone":172,"biomesoplenty:lavender":72,"minecraft:birch_log":5,"minecraft:enchanting_table":3,"minecraft:feather":10,"minecraft:cooked_beef":117,"minecraft:water_bucket":3,"minecraft:andesite":16,"minecraft:black_bed":1,"minecraft:dark_oak_boat":7,"minecraft:golden_leggings":1,"minecraft:smoker":13,"alexsmobs:bear_fur":5,"alexsmobs:bison_fur":2,"alexscaves:cave_book":7,"minecraft:tuff":4,"alexsmobs:cooked_kangaroo_meat":37,"minecraft:lapis_lazuli":292,"minecraft:dirt":22,"minecraft:lantern":2,"minecraft:leather_boots":2,"minecraft:bone":83,"minecraft:exposed_cut_copper_stairs":2,"farmersdelight:iron_knife":1,"minecraft:bow":3,"minecraft:wheat_seeds":24,"minecraft:raw_gold":151,"minecraft:grindstone":3,"fishofthieves:earthworms":14,"minecraft:mossy_stone_bricks":1,"minecraft:diamond_helmet":5,"minecraft:glowstone_dust":10,"simplyswords:diamond_sai":1,"minecraft:oak_planks":129,"minecraft:cooked_porkchop":34,"minecraft:sand":76,"minecraft:dark_oak_log":5,"alexsmobs:animal_dictionary":1,"minecraft:mossy_cobblestone":1,"travelersbackpack:white_sleeping_bag":5,"simplyswords:iron_twinblade":2,"minecraft:iron_hoe":1,"alexsmobs:kangaroo_hide":16,"minecraft:sugar":2,"minecraft:diamond":100,"biomesoplenty:magic_planks":64,"minecraft:crossbow":1,"minecraft:golden_apple":1,"minecraft:emerald":50,"minecraft:bread":116,"alexsmobs:maggot":7,"minecraft:oak_sapling":1,"minecraft:light_gray_carpet":8,"minecraft:netherrack":45,"minecraft:dark_oak_fence":5,"minecraft:diamond_pickaxe":3,"minecraft:crafting_table":22,"minecraft:splash_potion":4,"minecraft:chicken":1,"minecraft:nether_wart":8,"minecraft:golden_pickaxe":1,"minecraft:gold_block":17,"minecraft:shield":5,"minecraft:red_bed":2,"minecraft:iron_axe":8,"minecraft:iron_shovel":5,"minecraft:blackstone":10,"minecraft:blue_orchid":1,"minecraft:beef":15,"minecraft:oak_boat":3,"minecraft:cyan_wool":3,"minecraft:iron_nugget":5,"minecraft:poppy":5,"minecraft:light_gray_wool":3,"minecraft:sugar_cane":6,"minecraft:phantom_membrane":1,"minecraft:raw_copper_block":3,"minecraft:raw_iron":188,"minecraft:raw_gold_block":2,"minecraft:oak_door":19,"minecraft:spruce_fence":1,"minecraft:carrot":1,"minecraft:redstone":219,"minecraft:dark_oak_planks":8,"minecraft:tnt":7,"minecraft:arrow":103,"minecraft:diamond_chestplate":3,"biomesoplenty:jacaranda_log":2,"biomesoplenty:umbran_sapling":1,"minecraft:diamond_boots":3,"minecraft:hay_block":91,"minecraft:totem_of_undying":1,"minecraft:mutton":6,"alexsmobs:kangaroo_meat":25,"minecraft:white_wool":5,"minecraft:stripped_oak_log":3,"simplyswords:diamond_rapier":3,"minecraft:leather":77,"minecraft:birch_planks":8,"minecraft:filled_map":1,"minecraft:oak_log":255,"minecraft:golden_boots":2,"minecraft:cobblestone_wall":1,"minecraft:gunpowder":32,"minecraft:cooked_mutton":16,"minecraft:red_carpet":13,"minecraft:stone_bricks":1,"minecraft:apple":4,"minecraft:gray_carpet":7,"minecraft:iron_ingot":69,"minecraft:stone_pickaxe":1,"biomesoplenty:magic_log":10,"minecraft:glass_bottle":3,"minecraft:mangrove_planks":8,"minecraft:iron_sword":4,"minecraft:soul_sand":2,"biomesoplenty:umbran_log":2,"minecraft:dark_oak_stairs":1,"minecraft:book":45,"minecraft:scaffolding":1,"minecraft:smooth_basalt":2,"minecraft:stone_brick_slab":1,"minecraft:amethyst_shard":16,"minecraft:blast_furnace":8,"minecraft:spider_eye":21,"travelersbackpack:light_gray_sleeping_bag":3,"minecraft:slime_ball":9,"minecraft:stone_axe":1,"minecraft:iron_helmet":4,"minecraft:gray_wool":1,"minecraft:black_wool":3,"minecraft:coal":369,"minecraft:ender_pearl":2},"minecraft:killed_by":{"minecraft:creeper":1,"minecraft:vindicator":1,"alexsmobs:grizzly_bear":1,"alexsmobs:bison":1,"minecraft:skeleton":2},"minecraft:mined":{"minecraft:dark_oak_planks":1,"minecraft:spruce_planks":6,"minecraft:sculk_vein":34,"minecraft:brewing_stand":1,"minecraft:obsidian":5,"minecraft:grass_block":2,"minecraft:coal_block":2,"bushierflowers:grown_dandelion":1,"minecraft:nether_wart":2,"minecraft:spawner":13,"minecraft:tall_seagrass":1,"biomesoplenty:tall_lavender":10,"minecraft:brown_stained_glass":1,"minecraft:iron_ore":68,"minecraft:fire":25,"minecraft:cobbled_deepslate":11,"biomesoplenty:lavender":63,"minecraft:anvil":4,"minecraft:deepslate_lapis_ore":13,"minecraft:dark_oak_stairs":1,"minecraft:green_stained_glass":1,"minecraft:enchanting_table":3,"minecraft:dirt_path":2,"biomesoplenty:glowflower":1,"minecraft:iron_bars":2,"minecraft:blue_orchid":1,"minecraft:deepslate_redstone_ore":48,"minecraft:blackstone":11,"minecraft:potted_brown_mushroom":1,"minecraft:red_bed":2,"minecraft:smoker":9,"minecraft:powder_snow":3,"minecraft:clay":1,"minecraft:torch":9,"minecraft:blast_furnace":7,"minecraft:calcite":4,"minecraft:cobblestone":24,"minecraft:oak_planks":47,"minecraft:sugar_cane":2,"minecraft:grindstone":3,"travelersbackpack:light_gray_sleeping_bag":1,"minecraft:wall_torch":10,"minecraft:amethyst_block":6,"minecraft:cyan_wool":3,"biomesoplenty:magic_leaves":8,"minecraft:birch_log":5,"biomesoplenty:maple_leaves":5,"minecraft:light_gray_wool":1,"minecraft:tnt":9,"minecraft:black_bed":1,"biomesoplenty:umbran_log":2,"minecraft:stone_brick_stairs":2,"minecraft:grass":131,"minecraft:oak_log":105,"minecraft:sand":76,"minecraft:dirt":10,"biomesoplenty:umbran_leaves":37,"minecraft:smooth_basalt":2,"minecraft:netherrack":45,"minecraft:oak_leaves":4,"minecraft:deepslate":94,"biomesoplenty:orange_autumn_leaves":1,"minecraft:diamond_ore":1,"biomesoplenty:watergrass":1,"minecraft:tuff":4,"minecraft:light_blue_wool":1,"minecraft:mossy_cobblestone":2,"minecraft:deepslate_diamond_ore":59,"minecraft:oak_door":17,"minecraft:dark_oak_log":5,"biomesoplenty:bush":27,"minecraft:dark_oak_fence":3,"minecraft:spruce_fence":1,"travelersbackpack:white_sleeping_bag":3,"minecraft:spruce_leaves":2,"minecraft:large_fern":9,"minecraft:hay_block":23,"biomesoplenty:jacaranda_log":2,"minecraft:furnace":8,"minecraft:andesite":4,"minecraft:gold_block":17,"biomesoplenty:magic_log":10,"biomesoplenty:sea_oats":4,"minecraft:bookshelf":4,"minecraft:deepslate_iron_ore":58,"minecraft:vine":8,"minecraft:lantern":1,"minecraft:stripped_oak_log":3,"minecraft:stone":125,"travelersbackpack:spider":3,"minecraft:smithing_table":6,"minecraft:acacia_leaves":1,"minecraft:scaffolding":1,"minecraft:soul_sand":2,"minecraft:stone_brick_slab":1,"minecraft:oak_fence":2,"minecraft:crafting_table":19,"minecraft:sculk_sensor":2,"minecraft:tall_grass":28,"minecraft:lapis_ore":9,"biomesoplenty:huge_clover_petal":4,"biomesoplenty:sprout":13,"minecraft:deepslate_gold_ore":112,"minecraft:sculk":166,"minecraft:spruce_stairs":1,"minecraft:gray_wool":1,"minecraft:cobblestone_wall":1,"biomesoplenty:yellow_autumn_leaves":7,"minecraft:coal_ore":25,"minecraft:cobweb":9,"minecraft:cracked_stone_bricks":1,"minecraft:polished_andesite":1,"minecraft:gold_ore":10,"minecraft:fern":4},"minecraft:custom":{"minecraft:interact_with_crafting_table":102,"minecraft:open_barrel":123,"minecraft:bell_ring":7,"minecraft:eat_cake_slice":4,"minecraft:leave_game":15,"minecraft:time_since_death":290254,"minecraft:sprint_one_cm":2660344,"minecraft:damage_blocked_by_shield":4383,"minecraft:drop":228,"minecraft:play_noteblock":1,"minecraft:talked_to_villager":11,"minecraft:play_time":763248,"minecraft:deaths":6,"minecraft:jump":17621,"minecraft:interact_with_brewingstand":11,"minecraft:walk_on_water_one_cm":141980,"minecraft:enchant_item":4,"minecraft:interact_with_furnace":61,"minecraft:interact_with_loom":21,"minecraft:sleep_in_bed":20,"minecraft:damage_dealt":95024,"minecraft:crouch_one_cm":62916,"minecraft:interact_with_smoker":56,"minecraft:interact_with_smithing_table":25,"minecraft:interact_with_anvil":22,"minecraft:mob_kills":490,"minecraft:interact_with_campfire":5,"minecraft:climb_one_cm":10705,"minecraft:walk_one_cm":1495295,"minecraft:sneak_time":22032,"minecraft:walk_under_water_one_cm":76290,"minecraft:boat_one_cm":391572,"minecraft:interact_with_blast_furnace":50,"minecraft:total_world_time":763248,"minecraft:interact_with_grindstone":8,"minecraft:time_since_rest":199798,"minecraft:damage_taken":15346,"minecraft:damage_absorbed":60,"minecraft:trigger_trapped_chest":1,"minecraft:swim_one_cm":246299,"minecraft:fly_one_cm":3606383,"minecraft:open_chest":465,"minecraft:fall_one_cm":471601}},"DataVersion":3465}