{"stats":{"minecraft:killed":{"alexsmobs:shoebill":2,"minecraft:skeleton":68,"alexsmobs:orca":2,"minecraft:chicken":2,"alexsmobs:centipede_head":3,"alexsmobs:seal":3,"minecraft:iron_golem":1,"minecraft:pillager":24,"minecraft:zombie":597,"minecraft:cow":48,"minecraft:evoker":1,"alexsmobs:raccoon":2,"minecraft:vindicator":16,"minecraft:horse":4,"minecraft:enderman":4,"minecraft:zombified_piglin":3,"minecraft:witch":17,"alexsmobs:anaconda":2,"minecraft:spider":21,"alexsmobs:alligator_snapping_turtle":1,"minecraft:illusioner":1,"alexsmobs:kangaroo":1,"minecraft:pig":6,"minecraft:zombie_villager":1,"minecraft:creeper":8,"minecraft:sheep":10,"minecraft:vex":1,"alexsmobs:tasmanian_devil":1,"minecraft:slime":1,"alexsmobs:blue_jay":1,"alexsmobs:bison":1,"alexsmobs:flying_fish":4,"alexsmobs:skunk":1,"alexsmobs:cockroach":1,"alexsmobs:gazelle":2,"alexsmobs:crow":1},"minecraft:killed_by":{"minecraft:vindicator":2,"minecraft:zombie":2,"alexsmobs:centipede_head":4,"minecraft:creeper":1,"creeperoverhaul:cave_creeper":1,"minecraft:spider":1,"minecraft:enderman":1,"minecraft:skeleton":1},"minecraft:used":{"minecraft:jack_o_lantern":2,"minecraft:ladder":23,"minecraft:chest":11,"minecraft:rotten_flesh":1,"biomesoplenty:umbran_log":4,"minecraft:orange_wool":1,"distorted_discs:ow_17":1,"minecraft:lava_bucket":16,"minecraft:bow":34,"minecraft:dark_oak_boat":1,"minecraft:furnace":10,"ironchests:copper_chest":6,"biomesoplenty:magic_log":3,"minecraft:blackstone":10,"minecraft:wooden_pickaxe":6,"minecraft:smithing_table":2,"minecraft:oak_boat":6,"minecraft:enchanting_table":2,"minecraft:stone_sword":162,"minecraft:cooked_salmon":5,"minecraft:torch":734,"minecraft:anvil":18,"minecraft:cod_bucket":1,"distorted_discs:ow_08":1,"biomesoplenty:tall_lavender":2,"biomesoplenty:jacaranda_log":1,"minecraft:goat_horn":8,"minecraft:cobbled_deepslate":113,"minecraft:calcite":1,"minecraft:water_bucket":88,"minecraft:mossy_cobblestone":51,"minecraft:crafting_table":24,"minecraft:red_bed":4,"minecraft:oak_log":3,"minecraft:diamond_pickaxe":4021,"minecraft:diamond_shovel":191,"ironchests:copper_chest_upgrade":4,"minecraft:iron_pickaxe":178,"minecraft:cobblestone":1158,"minecraft:potion":1,"minecraft:jukebox":1,"minecraft:shield":51,"travelersbackpack:lapis":3,"minecraft:diamond_hoe":280,"ironchests:iron_chest_upgrade":4,"minecraft:iron_sword":77,"minecraft:iron_chestplate":2,"minecraft:tuff":12,"minecraft:obsidian":10,"minecraft:cyan_terracotta":29,"minecraft:lantern":4,"ironchests:diamond_chest_upgrade":4,"minecraft:mossy_cobblestone_slab":2,"minecraft:stone_bricks":3,"minecraft:item_frame":2,"minecraft:hay_block":1,"minecraft:scaffolding":1,"minecraft:gray_bed":4,"travelersbackpack:spider":8,"minecraft:diamond_boots":1,"minecraft:stone_pickaxe":38,"minecraft:oak_planks":5,"biomesoplenty:lavender":1,"minecraft:diamond_axe":450,"alexscaves:cave_book":4,"simplyswords:diamond_claymore":1225,"biomesoplenty:magic_planks":38,"minecraft:bread":206,"minecraft:cyan_bed":2,"minecraft:iron_door":3,"minecraft:gravel":2,"minecraft:grindstone":3,"minecraft:smooth_stone_slab":2,"minecraft:tropical_fish_bucket":3,"minecraft:coarse_dirt":31,"minecraft:experience_bottle":198,"minecraft:flint_and_steel":1,"minecraft:spruce_planks":2,"distorted_discs:ow_03":1,"minecraft:hopper":6,"minecraft:iron_hoe":298,"minecraft:wooden_axe":46,"minecraft:bookshelf":51,"minecraft:oak_stairs":13,"minecraft:iron_boots":1,"minecraft:golden_carrot":5,"travelersbackpack:cake":1,"minecraft:cooked_beef":5,"ironchests:diamond_chest":7,"minecraft:cobblestone_stairs":137,"minecraft:polished_andesite":22,"minecraft:baked_potato":8,"minecraft:birch_boat":1,"ironchests:gold_chest_upgrade":4,"minecraft:cobblestone_slab":2,"minecraft:magenta_bed":1,"minecraft:painting":36,"distorted_discs:nether_02":1,"minecraft:apple":22,"minecraft:stone_axe":43,"minecraft:fishing_rod":3,"minecraft:bucket":101,"minecraft:pumpkin_pie":6,"minecraft:sea_pickle":4,"minecraft:gray_wool":1,"minecraft:smooth_stone":16},"minecraft:dropped":{"minecraft:iron_sword":4,"minecraft:porkchop":15,"minecraft:glass_bottle":2,"minecraft:diamond":14,"alexsmobs:kangaroo_meat":1,"minecraft:crossbow":1,"minecraft:cracked_stone_bricks":1,"minecraft:leather_helmet":1,"minecraft:dirt":6,"alexsmobs:flying_fish":2,"minecraft:sand":1,"minecraft:gray_candle":2,"minecraft:phantom_membrane":1,"minecraft:iron_pickaxe":3,"minecraft:dark_oak_planks":3,"alexsmobs:raccoon_tail":1,"minecraft:dark_oak_boat":1,"minecraft:white_wool":4,"minecraft:bone":4,"alexsmobs:centipede_leg":2,"minecraft:stone_axe":2,"alexsmobs:gazelle_horn":1,"minecraft:iron_nugget":5,"minecraft:golden_chestplate":2,"minecraft:cobbled_deepslate":100,"alexscaves:cave_tablet":2,"minecraft:deepslate_brick_slab":1,"minecraft:rotten_flesh":158,"minecraft:oak_planks":11,"minecraft:glowstone_dust":3,"alexscaves:cave_book":3,"minecraft:leather_boots":2,"minecraft:ladder":1,"minecraft:spruce_slab":1,"minecraft:beef":8,"minecraft:stone_brick_stairs":2,"biomesoplenty:tall_lavender":2,"minecraft:enchanted_book":2,"minecraft:wheat_seeds":9,"biomesoplenty:magic_sapling":1,"biomesoplenty:maple_sapling":2,"travelersbackpack:chicken":1,"biomesoplenty:lavender":26,"minecraft:cobblestone":27,"minecraft:iron_helmet":1,"minecraft:feather":3,"minecraft:book":24,"minecraft:apple":3,"minecraft:spruce_door":1,"minecraft:chainmail_helmet":1,"minecraft:coal":36,"minecraft:coal_block":3,"biomesoplenty:jacaranda_log":5,"minecraft:polished_andesite":5,"minecraft:pufferfish":1,"minecraft:gray_wool":2,"minecraft:golden_carrot":1,"minecraft:diamond_helmet":1,"minecraft:mossy_cobblestone_stairs":5,"minecraft:smooth_stone":11,"minecraft:string":15,"minecraft:lily_pad":21,"minecraft:acacia_planks":2,"minecraft:moss_carpet":9,"minecraft:stone_sword":1,"minecraft:smooth_stone_slab":20,"minecraft:experience_bottle":308,"minecraft:clay_ball":8,"minecraft:iron_boots":1,"minecraft:stone_slab":5,"minecraft:cobbled_deepslate_slab":1,"minecraft:spruce_fence":3,"minecraft:diamond_sword":1,"minecraft:cobblestone_slab":2,"minecraft:potato":2,"minecraft:spruce_planks":8,"minecraft:diamond_pickaxe":2,"minecraft:spider_eye":10,"minecraft:stone_bricks":2,"minecraft:birch_boat":1,"minecraft:blue_orchid":2,"minecraft:purple_candle":3,"minecraft:magma_block":1,"minecraft:soul_sand":9,"minecraft:candle":1,"minecraft:brown_mushroom":1,"minecraft:diamond_axe":1,"minecraft:oak_log":3,"biomesoplenty:magic_planks":4,"minecraft:lantern":1,"minecraft:leather":9,"simplyswords:diamond_claymore":1,"alexsmobs:bison_fur":2,"minecraft:cod":1,"minecraft:flint":1,"minecraft:cobblestone_stairs":6,"minecraft:cyan_terracotta":15,"minecraft:mutton":9,"minecraft:pumpkin_pie":2,"biomesoplenty:glowflower":1,"fishofthieves:grubs":10,"minecraft:gravel":7,"minecraft:blackstone":17,"minecraft:white_candle":2,"minecraft:diamond_shovel":1,"minecraft:carrot":2,"minecraft:poppy":1,"minecraft:gunpowder":18,"minecraft:beetroot_seeds":1,"minecraft:iron_bars":2,"minecraft:arrow":10,"minecraft:scaffolding":1,"minecraft:splash_potion":1,"minecraft:bread":23,"biomesoplenty:jacaranda_sapling":1,"minecraft:golden_helmet":1,"minecraft:lilac":1,"minecraft:mossy_cobblestone":20,"minecraft:diamond_leggings":2,"minecraft:spruce_stairs":1,"minecraft:stick":20,"minecraft:mossy_cobblestone_slab":3,"minecraft:torch":2,"minecraft:zombie_head":1,"travelersbackpack:enderman":1,"minecraft:iron_leggings":1,"minecraft:iron_axe":1,"minecraft:smooth_basalt":4,"minecraft:redstone":13,"minecraft:coarse_dirt":1,"minecraft:raw_copper":6,"minecraft:tuff":11,"simplyswords:diamond_sai":1,"minecraft:light_gray_wool":1,"minecraft:iron_hoe":2,"minecraft:stripped_oak_log":2,"minecraft:filled_map":1,"minecraft:shield":2,"fishofthieves:earthworms":12,"aether:iron_gloves":1,"minecraft:diamond_chestplate":2,"minecraft:orange_terracotta":3,"minecraft:iron_chestplate":2,"minecraft:mossy_stone_bricks":1,"minecraft:golden_leggings":1,"minecraft:oak_boat":1,"minecraft:oak_sapling":1,"minecraft:diamond_boots":1,"minecraft:stone_pickaxe":1,"minecraft:wooden_pickaxe":1},"minecraft:crafted":{"travelersbackpack:crafting_upgrade":1,"minecraft:birch_boat":1,"minecraft:bookshelf":51,"minecraft:glass":24,"minecraft:diamond_helmet":2,"minecraft:diamond_leggings":2,"travelersbackpack:standard":1,"ironchests:iron_chest":1,"minecraft:smithing_table":1,"minecraft:copper_ingot":59,"minecraft:stone_slab":6,"minecraft:iron_pickaxe":2,"minecraft:iron_block":6,"minecraft:gold_ingot":73,"simplyswords:diamond_sai":1,"minecraft:iron_nugget":9,"minecraft:diamond_hoe":1,"travelersbackpack:blank_upgrade":4,"travelersbackpack:gold_tier_upgrade":1,"travelersbackpack:cake":1,"minecraft:ladder":36,"minecraft:stone_pickaxe":2,"minecraft:diamond_boots":2,"ironchests:gold_chest":1,"minecraft:dark_oak_planks":20,"travelersbackpack:spider":5,"minecraft:wheat":270,"minecraft:enchanting_table":1,"minecraft:wooden_axe":1,"minecraft:oak_stairs":12,"minecraft:iron_leggings":1,"simplyswords:diamond_claymore":1,"minecraft:grindstone":2,"minecraft:oak_planks":348,"ironchests:copper_chest":1,"ironchests:iron_chest_upgrade":4,"minecraft:dark_oak_boat":1,"minecraft:cobblestone_stairs":208,"minecraft:stone":4,"minecraft:hopper":4,"minecraft:bow":1,"minecraft:iron_boots":1,"travelersbackpack:gray_sleeping_bag":1,"minecraft:chest":18,"ironchests:gold_chest_upgrade":4,"ironchests:diamond_chest_upgrade":4,"travelersbackpack:iron_tier_upgrade":1,"minecraft:crafting_table":24,"minecraft:wooden_pickaxe":2,"minecraft:birch_planks":104,"minecraft:diamond_pickaxe":1,"minecraft:shield":3,"minecraft:stick":404,"minecraft:iron_ingot":144,"minecraft:stone_sword":1,"minecraft:fishing_rod":1,"minecraft:leather_boots":3,"minecraft:furnace":8,"minecraft:flint_and_steel":1,"ironchests:blank_chest_upgrade":16,"minecraft:iron_hoe":3,"travelersbackpack:light_gray_sleeping_bag":1,"biomesoplenty:magic_planks":316,"alexsmobs:flying_fish_boots":1,"travelersbackpack:diamond_tier_upgrade":1,"minecraft:cooked_beef":23,"biomesoplenty:umbran_planks":348,"ironchests:copper_chest_upgrade":4,"travelersbackpack:backpack_tank":4,"minecraft:iron_sword":1,"minecraft:bucket":1,"ironchests:diamond_chest":1,"minecraft:stone_axe":1,"minecraft:air":0,"minecraft:bread":97,"minecraft:oak_boat":5,"minecraft:anvil":2,"minecraft:torch":800,"travelersbackpack:light_blue_sleeping_bag":1,"minecraft:diamond_chestplate":2},"minecraft:broken":{"minecraft:diamond_helmet":1,"minecraft:iron_hoe":1,"minecraft:diamond_boots":1},"minecraft:mined":{"minecraft:obsidian":2,"minecraft:potted_dead_bush":1,"biomesoplenty:dead_leaves":19,"minecraft:yellow_carpet":2,"minecraft:exposed_cut_copper_stairs":2,"minecraft:coal_block":3,"minecraft:hopper":2,"minecraft:spawner":13,"minecraft:magma_block":2,"biomesoplenty:tall_lavender":3,"minecraft:mossy_cobblestone_stairs":8,"minecraft:cobbled_deepslate":27,"minecraft:fire":1,"biomesoplenty:lavender":7,"minecraft:deepslate_lapis_ore":4,"minecraft:enchanting_table":1,"minecraft:dirt_path":1,"minecraft:oak_stairs":1,"biomesoplenty:jacaranda_leaves":4,"ironchests:diamond_chest":6,"minecraft:red_bed":4,"minecraft:powder_snow":4,"minecraft:torch":16,"minecraft:blast_furnace":1,"minecraft:polished_andesite_stairs":9,"minecraft:white_candle":2,"minecraft:cyan_bed":2,"minecraft:crimson_stairs":1,"minecraft:magenta_bed":2,"minecraft:lilac":1,"minecraft:jukebox":1,"minecraft:stone_brick_stairs":2,"minecraft:grass":52,"minecraft:smooth_basalt":4,"minecraft:deepslate":458,"minecraft:light_blue_wool":2,"minecraft:mossy_cobblestone":133,"minecraft:dark_oak_log":5,"minecraft:jack_o_lantern":2,"minecraft:purple_candle":1,"minecraft:dark_oak_fence":2,"minecraft:cobbled_deepslate_slab":2,"minecraft:spruce_fence":3,"minecraft:moss_block":2,"biomesoplenty:jacaranda_log":12,"minecraft:mossy_stone_brick_stairs":1,"minecraft:cobblestone_slab":4,"minecraft:vine":9,"biomesoplenty:barley":13,"minecraft:white_wool":2,"travelersbackpack:spider":9,"minecraft:mangrove_stairs":1,"minecraft:glass_pane":2,"minecraft:soul_sand":9,"minecraft:dandelion":2,"minecraft:emerald_ore":3,"minecraft:tall_grass":22,"minecraft:copper_ore":10,"minecraft:dried_kelp_block":48,"minecraft:deepslate_gold_ore":17,"minecraft:coarse_dirt":91,"minecraft:spruce_log":3,"minecraft:mangrove_leaves":1,"minecraft:zombie_head":3,"minecraft:gravel":40,"minecraft:cobweb":47,"minecraft:acacia_planks":2,"minecraft:stone_bricks":9,"minecraft:gold_ore":13,"minecraft:iron_trapdoor":1,"minecraft:fern":7,"minecraft:spruce_planks":29,"minecraft:cobblestone_stairs":11,"minecraft:sculk_vein":64,"minecraft:orange_wool":1,"minecraft:grass_block":53,"minecraft:smooth_stone":42,"minecraft:mossy_cobblestone_slab":6,"minecraft:sculk_catalyst":3,"minecraft:iron_ore":67,"minecraft:anvil":16,"minecraft:red_tulip":1,"minecraft:iron_bars":7,"minecraft:black_candle":2,"minecraft:spruce_slab":1,"minecraft:deepslate_redstone_ore":1,"ironchests:copper_chest":6,"minecraft:cyan_terracotta":67,"minecraft:blackstone":32,"minecraft:orange_terracotta":3,"minecraft:clay":1,"minecraft:calcite":1,"minecraft:chest":4,"minecraft:cobblestone":385,"minecraft:grindstone":1,"minecraft:oak_planks":11,"minecraft:iron_door":3,"minecraft:wall_torch":11,"minecraft:deepslate_copper_ore":2,"biomesoplenty:magic_leaves":4,"minecraft:birch_log":26,"biomesoplenty:maple_leaves":41,"minecraft:light_gray_wool":9,"minecraft:tnt":3,"biomesoplenty:umbran_log":108,"minecraft:smooth_stone_slab":47,"minecraft:oak_log":96,"minecraft:sand":78,"minecraft:dirt":138,"minecraft:crimson_planks":3,"biomesoplenty:umbran_leaves":6,"minecraft:gray_candle":1,"alexscaves:spelunkery_table":1,"minecraft:crying_obsidian":5,"minecraft:red_carpet":1,"minecraft:tuff":54,"travelersbackpack:lapis":1,"minecraft:deepslate_diamond_ore":74,"minecraft:candle":3,"minecraft:ladder":3,"minecraft:chiseled_bookshelf":4,"biomesoplenty:bush":3,"minecraft:spruce_leaves":18,"minecraft:large_fern":4,"minecraft:hay_block":31,"minecraft:deepslate_brick_slab":1,"minecraft:furnace":3,"minecraft:gold_block":2,"biomesoplenty:magic_log":83,"minecraft:bookshelf":61,"minecraft:deepslate_iron_ore":21,"minecraft:lantern":2,"minecraft:stripped_oak_log":2,"minecraft:stone":2227,"minecraft:scaffolding":1,"minecraft:infested_stone_bricks":1,"minecraft:oak_fence":5,"minecraft:crafting_table":3,"minecraft:sculk_sensor":5,"minecraft:stone_slab":1,"minecraft:lapis_ore":5,"minecraft:lily_pad":2,"minecraft:sculk":479,"minecraft:spruce_stairs":3,"farmersdelight:wild_beetroots":2,"minecraft:sea_pickle":2,"biomesoplenty:yellow_autumn_leaves":3,"minecraft:gray_bed":4,"minecraft:coal_ore":177,"minecraft:gray_carpet":2,"minecraft:cracked_stone_bricks":1,"minecraft:polished_andesite":44,"minecraft:mossy_stone_bricks":5},"minecraft:custom":{"minecraft:interact_with_crafting_table":121,"minecraft:open_barrel":74,"minecraft:bell_ring":4,"minecraft:eat_cake_slice":8,"minecraft:leave_game":18,"minecraft:time_since_death":110168,"minecraft:damage_blocked_by_shield":3640,"minecraft:play_time":1004844,"minecraft:deaths":15,"minecraft:jump":14381,"minecraft:enchant_item":4,"minecraft:interact_with_furnace":80,"minecraft:play_record":4,"minecraft:sleep_in_bed":20,"minecraft:damage_dealt":82844,"minecraft:interact_with_smoker":2,"minecraft:interact_with_smithing_table":10,"minecraft:interact_with_anvil":60,"minecraft:inspect_hopper":11,"minecraft:sneak_time":29897,"minecraft:interact_with_blast_furnace":1,"minecraft:total_world_time":1004844,"minecraft:time_since_rest":106111,"minecraft:swim_one_cm":20254,"minecraft:fly_one_cm":2952344,"minecraft:open_chest":290,"minecraft:fish_caught":1,"minecraft:fall_one_cm":327036,"minecraft:sprint_one_cm":1837544,"minecraft:drop":448,"minecraft:talked_to_villager":4,"minecraft:interact_with_brewingstand":15,"minecraft:walk_on_water_one_cm":287372,"minecraft:interact_with_loom":14,"minecraft:crouch_one_cm":46036,"minecraft:mob_kills":867,"minecraft:climb_one_cm":67893,"minecraft:walk_one_cm":2558390,"minecraft:walk_under_water_one_cm":90477,"minecraft:boat_one_cm":957535,"minecraft:interact_with_grindstone":9,"minecraft:damage_taken":14692},"minecraft:picked_up":{"minecraft:iron_chestplate":9,"minecraft:flower_pot":2,"minecraft:anvil":18,"minecraft:smithing_table":1,"minecraft:stone_slab":1,"minecraft:diamond_sword":1,"ironchests:diamond_chest":6,"minecraft:oak_stairs":1,"minecraft:enchanted_book":35,"minecraft:string":77,"biomesoplenty:tall_lavender":4,"minecraft:gold_nugget":5,"alexsmobs:emu_feather":2,"minecraft:diamond_leggings":5,"minecraft:cobbled_deepslate":542,"travelersbackpack:enderman":1,"minecraft:spruce_planks":26,"minecraft:enchanted_golden_apple":1,"minecraft:coal_block":3,"minecraft:golden_helmet":2,"minecraft:jukebox":1,"minecraft:golden_chestplate":2,"alexsmobs:centipede_leg":2,"minecraft:stone_sword":1,"minecraft:light_blue_wool":2,"alexsmobs:flying_fish_boots":8,"minecraft:cyan_terracotta":90,"minecraft:iron_bars":4,"alexsmobs:flying_fish":18,"biomesoplenty:lavender":29,"minecraft:birch_log":26,"minecraft:magma_block":1,"minecraft:mossy_cobblestone_slab":5,"minecraft:feather":3,"minecraft:cooked_beef":23,"minecraft:iron_door":3,"minecraft:water_bucket":12,"minecraft:dark_oak_boat":1,"alexsmobs:bison_fur":2,"minecraft:flint":35,"minecraft:magenta_bed":2,"minecraft:lantern":5,"fishofthieves:earthworms":43,"minecraft:diamond_helmet":3,"minecraft:glowstone_dust":7,"minecraft:gray_candle":2,"biomesoplenty:magic_sapling":2,"endrem:lost_eye":1,"minecraft:dark_oak_log":21,"alexsmobs:animal_dictionary":2,"biomesoplenty:glowflower":1,"minecraft:polished_andesite":61,"minecraft:white_candle":4,"biomesoplenty:magic_planks":68,"minecraft:lever":1,"minecraft:chainmail_helmet":1,"minecraft:bread":465,"alexsmobs:maggot":2,"minecraft:jack_o_lantern":2,"minecraft:diamond_pickaxe":7,"minecraft:crafting_table":3,"minecraft:coarse_dirt":115,"minecraft:clay_ball":8,"biomesoplenty:jacaranda_sapling":1,"distorted_discs:ow_17":2,"minecraft:red_bed":8,"minecraft:iron_shovel":3,"minecraft:cracked_stone_bricks":1,"travelersbackpack:lapis":1,"minecraft:beef":138,"minecraft:poppy":2,"minecraft:spruce_slab":1,"minecraft:chest":4,"minecraft:glow_item_frame":2,"minecraft:spruce_fence":3,"minecraft:carrot":3,"minecraft:redstone":11,"minecraft:tnt":3,"minecraft:diamond_chestplate":5,"biomesoplenty:jacaranda_log":17,"minecraft:beetroot_seeds":3,"minecraft:diamond_boots":4,"minecraft:hay_block":31,"minecraft:gold_ingot":7,"minecraft:totem_of_undying":3,"minecraft:glow_berries":2,"minecraft:mutton":14,"alexsmobs:kangaroo_meat":4,"minecraft:white_wool":7,"minecraft:stripped_oak_log":2,"minecraft:clock":2,"minecraft:filled_map":1,"minecraft:oak_log":96,"minecraft:lily_pad":23,"minecraft:apple":523,"minecraft:stone_bricks":8,"travelersbackpack:cake":3,"alexsmobs:cockroach_wing_fragment":1,"biomesoplenty:magic_log":82,"minecraft:glass_bottle":2,"minecraft:gray_bed":4,"minecraft:iron_sword":10,"biomesoplenty:umbran_log":114,"minecraft:dark_oak_stairs":1,"minecraft:polished_andesite_stairs":9,"minecraft:smooth_basalt":4,"minecraft:gravel":10,"minecraft:crimson_stairs":1,"minecraft:spruce_log":3,"minecraft:crying_obsidian":5,"minecraft:diamond_shovel":2,"biomesoplenty:maple_sapling":3,"minecraft:stone_axe":5,"minecraft:diamond_axe":2,"minecraft:painting":22,"minecraft:gray_wool":2,"minecraft:baked_potato":18,"minecraft:stripped_dark_oak_log":19,"minecraft:hopper":2,"minecraft:ender_pearl":6,"minecraft:wheat":1,"distorted_discs:ow_03":2,"aether:iron_gloves":6,"alexscaves:cave_tablet":2,"minecraft:potion":1,"minecraft:stone_brick_stairs":2,"minecraft:crimson_planks":1,"travelersbackpack:spider":9,"alexsmobs:gazelle_horn":1,"minecraft:raw_copper":65,"aether:diamond_gloves":4,"minecraft:smooth_stone_slab":41,"minecraft:iron_leggings":3,"minecraft:zombie_head":1,"minecraft:experience_bottle":1,"biomesoplenty:dead_sapling":1,"minecraft:sea_pickle":4,"minecraft:smooth_stone":57,"minecraft:bucket":6,"minecraft:rose_bush":1,"minecraft:cobblestone_slab":4,"minecraft:calcite":1,"minecraft:iron_pickaxe":9,"alexsmobs:raccoon_tail":1,"farmersdelight:cabbage_seeds":2,"minecraft:furnace":6,"minecraft:stick":15,"minecraft:oak_fence":5,"travelersbackpack:iron_tier_upgrade":1,"minecraft:torch":297,"biomesoplenty:umbran_planks":38,"minecraft:spruce_stairs":3,"minecraft:porkchop":19,"minecraft:goat_horn":1,"minecraft:mangrove_stairs":1,"minecraft:rotten_flesh":432,"travelersbackpack:chicken":1,"minecraft:obsidian":85,"minecraft:cod":1,"minecraft:cobblestone":3522,"minecraft:enchanting_table":1,"minecraft:lilac":1,"minecraft:golden_leggings":3,"minecraft:potato":215,"alexscaves:cave_book":1,"minecraft:tuff":55,"minecraft:lapis_lazuli":244,"minecraft:dirt":339,"minecraft:name_tag":2,"minecraft:leather_boots":2,"minecraft:bone":178,"minecraft:acacia_planks":2,"minecraft:bow":13,"minecraft:wheat_seeds":24,"minecraft:deepslate_brick_slab":1,"minecraft:raw_gold":89,"minecraft:cobbled_deepslate_slab":1,"minecraft:grindstone":1,"minecraft:mossy_stone_bricks":1,"minecraft:oak_planks":393,"minecraft:music_disc_13":1,"minecraft:sand":79,"minecraft:dead_bush":2,"minecraft:grass_block":1,"minecraft:cyan_bed":2,"minecraft:orange_wool":1,"minecraft:mossy_cobblestone":159,"simplyswords:diamond_claymore":5,"minecraft:sugar":1,"minecraft:clay":1,"minecraft:diamond":127,"minecraft:crossbow":3,"minecraft:golden_apple":2,"minecraft:emerald":35,"minecraft:oak_sapling":3,"minecraft:fishing_rod":3,"minecraft:ladder":16,"minecraft:brown_mushroom":1,"minecraft:gold_block":5,"minecraft:diamond_horse_armor":1,"distorted_discs:ow_18":2,"minecraft:shield":11,"alexscaves:cave_codex":1,"minecraft:moss_carpet":9,"minecraft:iron_axe":1,"minecraft:item_frame":12,"minecraft:blackstone":27,"minecraft:blue_orchid":13,"minecraft:candle":1,"minecraft:oak_boat":3,"minecraft:phantom_membrane":1,"minecraft:raw_iron":236,"minecraft:copper_ingot":8,"minecraft:dark_oak_planks":7,"minecraft:purple_candle":3,"minecraft:arrow":365,"biomesoplenty:umbran_sapling":5,"minecraft:pumpkin_pie":2,"alexscaves:spelunkery_table":1,"minecraft:golden_carrot":1,"minecraft:leather":60,"minecraft:birch_planks":400,"ironchests:copper_chest":6,"fishofthieves:grubs":10,"minecraft:gunpowder":19,"minecraft:cobblestone_stairs":87,"minecraft:orange_terracotta":3,"minecraft:red_carpet":2,"minecraft:iron_ingot":51,"minecraft:soul_sand":9,"minecraft:tropical_fish_bucket":1,"minecraft:book":242,"minecraft:scaffolding":2,"minecraft:black_candle":6,"minecraft:birch_boat":1,"minecraft:lava_bucket":1,"minecraft:dandelion":1,"minecraft:blast_furnace":1,"minecraft:spruce_door":1,"minecraft:spider_eye":21,"minecraft:dried_kelp_block":47,"minecraft:iron_helmet":3,"minecraft:mossy_cobblestone_stairs":5,"minecraft:coal":404}},"DataVersion":3465}