{
  "incendium:technical/sentrys_wrath": {
    "criteria": {
      "log_spam_fixer": "2024-07-15 14:38:27 +0000"
    },
    "done": false
  },
  "incendium:technical/inventory/sentrys_wrath": {
    "criteria": {
      "log_spam_fixer": "2024-07-15 14:38:27 +0000"
    },
    "done": false
  },
  "alexscaves:alexscaves/burrowing_arrow": {
    "criteria": {
      "burrowing_arrow": "2024-07-15 14:37:02 +0000"
    },
    "done": true
  },
  "incendium:technical/feed_ghastling": {
    "criteria": {
      "log_spam_fixer": "2024-07-15 14:38:27 +0000"
    },
    "done": false
  },
  "incendium:technical/on_player_hurt": {
    "criteria": {
      "log_spam_fixer": "2024-07-15 14:38:27 +0000"
    },
    "done": false
  },
  "alexscaves:alexscaves/desolate_dagger": {
    "criteria": {
      "desolate_dagger": "2024-07-15 14:37:05 +0000"
    },
    "done": true
  },
  "minecraft:recipes/decorations/crafting_table": {
    "criteria": {
      "unlock_right_away": "2024-07-15 14:35:13 +0000"
    },
    "done": true
  },
  "biomesoplenty:biomesoplenty/all_biomes": {
    "criteria": {
      "marsh": "2024-07-15 14:38:12 +0000",
      "bog": "2024-07-15 14:38:10 +0000"
    },
    "done": false
  },
  "incendium:technical/firestorm": {
    "criteria": {
      "log_spam_fixer": "2024-07-15 14:38:27 +0000"
    },
    "done": false
  },
  "incendium:technical/inventory/firestorm": {
    "criteria": {
      "log_spam_fixer": "2024-07-15 14:38:27 +0000"
    },
    "done": false
  },
  "betterdeserttemples:root": {
    "criteria": {
      "always": "2024-07-15 14:35:13 +0000"
    },
    "done": true
  },
  "incendium:technical/new_player": {
    "criteria": {
      "requirement": "2024-07-15 14:35:13 +0000"
    },
    "done": true
  },
  "incendium:technical/give_ghastling": {
    "criteria": {
      "log_spam_fixer": "2024-07-15 14:38:27 +0000"
    },
    "done": false
  },
  "incendium:technical/on_kill": {
    "criteria": {
      "log_spam_fixer": "2024-07-15 14:38:27 +0000"
    },
    "done": false
  },
  "incendium:technical/scroll_of_returning": {
    "criteria": {
      "log_spam_fixer": "2024-07-15 14:35:14 +0000"
    },
    "done": false
  },
  "alexscaves:alexscaves/shadow_armor": {
    "criteria": {
      "helmet": "2024-07-15 14:36:52 +0000",
      "tunic": "2024-07-15 14:36:51 +0000"
    },
    "done": true
  },
  "incendium:technical/multiplex_crossbow": {
    "criteria": {
      "log_spam_fixer": "2024-07-15 14:38:27 +0000"
    },
    "done": false
  },
  "incendium:technical/using/ragnarok": {
    "criteria": {
      "log_spam_fixer": "2024-07-15 14:35:14 +0000"
    },
    "done": false
  },
  "farmersdelight:main/root": {
    "criteria": {
      "seeds": "2024-07-15 14:35:12 +0000"
    },
    "done": true
  },
  "incendium:technical/on_inventory_change": {
    "criteria": {
      "log_spam_fixer": "2024-07-15 14:38:27 +0000"
    },
    "done": false
  },
  "biomesoplenty:biomesoplenty/root": {
    "criteria": {
      "bog": "2024-07-15 14:38:10 +0000"
    },
    "done": true
  },
  "incendium:technical/using/trailblazer": {
    "criteria": {
      "log_spam_fixer": "2024-07-15 14:35:14 +0000"
    },
    "done": false
  },
  "betterdungeons:root": {
    "criteria": {
      "always": "2024-07-15 14:35:13 +0000"
    },
    "done": true
  },
  "minecraft:adventure/adventuring_time": {
    "criteria": {
      "minecraft:beach": "2024-07-15 14:35:14 +0000"
    },
    "done": false
  },
  "incendium:technical/holy_wrath": {
    "criteria": {
      "log_spam_fixer": "2024-07-15 14:38:27 +0000"
    },
    "done": false
  },
  "incendium:technical/on_block": {
    "criteria": {
      "log_spam_fixer": "2024-07-15 14:38:27 +0000"
    },
    "done": false
  },
  "aether:valkyrie_loot": {
    "criteria": {
      "valkyrie_leggings": "2024-07-15 14:37:43 +0000"
    },
    "done": true
  },
  "alexscaves:alexscaves/dreadbow": {
    "criteria": {
      "dreadbow": "2024-07-15 14:36:58 +0000"
    },
    "done": true
  },
  "incendium:technical/using/shield": {
    "criteria": {
      "log_spam_fixer": "2024-07-15 14:35:14 +0000"
    },
    "done": false
  },
  "DataVersion": 3465
}